store_id,clinic_name,store_name,Zipcode,adress,access
tcb_001,TCB,新宿三丁目院,〒160-0022,東京都新宿区新宿3-1-20 メットライフ新宿スクエア 7F,"新宿三丁目駅から徒歩1分以内, JR 新宿駅から徒歩3分"
tcb_002,TCB,新宿東口院,〒160-0021,東京都新宿区歌舞伎町1-27-5 歌舞伎町APMビル 7F,"西武新宿線 西武新宿駅正面口から徒歩2分, JR 新宿駅東口から徒歩3分"
tcb_003,TCB,新宿西口院,〒160-0023,東京都新宿区西新宿1-17-1 日本生命新宿西口ビル 2F,新宿駅から徒歩1分
tcb_004,TCB,高田馬場院,〒169-0075,東京都新宿区高田馬場2-17-15 唐橋ビル 7F,"JR高田馬場駅から徒歩2分, 東京メトロ東西線A4・A5出口から徒歩数十秒"
tcb_005,TCB,池袋駅前院,〒170-0013,東京都豊島区東池袋1-8-1 WACCA IKEBUKURO 6F,JR 池袋駅東口から徒歩3分
tcb_006,TCB,銀座有楽町院,〒100-0006,東京都千代田区有楽町2-3-5 aune有楽町 5F,"地下鉄日比谷線日比谷駅から徒歩1分, JR有楽町駅銀座口から徒歩2分"
tcb_007,TCB,銀座二丁目院,〒104-0061,東京都中央区銀座2-6-9 Ginza269ビル 9F,"JR有楽町駅から徒歩3分, 地下鉄有楽町線銀座一丁目駅から徒歩2分"
tcb_008,TCB,秋葉原院,〒101-0025,東京都千代田区神田佐久間町1-13 チョムチョム秋葉原 8F,"JR秋葉原駅中央改札口から徒歩1分, つくばエクスプレス秋葉原駅 A1出口から徒歩1分"
tcb_009,TCB,渋谷東口院,〒150-0002,東京都渋谷区渋谷2-19-15 宮益坂ビルディング 3F,"JR山手線 渋谷駅から徒歩2分, 東京メトロ銀座線 渋谷駅から徒歩2分"
tcb_010,TCB,渋谷西口院,〒150-0043,東京都渋谷区道玄坂2-23-12 フォンティスビル 3F,"京王井の頭線/東京メトロ副都心線・半蔵門線/東急東横線・田園都市線 渋谷駅から徒歩5分, JR渋谷駅から徒歩7分"
tcb_011,TCB,中野院,〒164-0001,東京都中野区中野3-34-32 凱旋ビル 3F,JR 中野駅南口から徒歩2分
tcb_012,TCB,町田院,〒194-0013,東京都町田市原町田6-3-3 町映ビル 5F,"小田急小田原線 町田駅から徒歩1分, JR横浜線 町田駅から徒歩2分"
tcb_013,TCB,上野院,〒110-0005,東京都台東区上野4-10-5 ヒューリック上野公園前ビル 7F・8F,"JR上野駅から徒歩2分, 京成上野駅から徒歩1分"
tcb_014,TCB,立川院,〒190-0012,東京都立川市曙町2-11-2 フロム中武 6F,JR立川駅北口から徒歩2分
tcb_015,TCB,八王子院,〒192-0083,東京都八王子市旭町2-5 八王子ツインタワーA館 4F,"JR八王子駅から徒歩1分, 京王線京王八王子駅から徒歩5分"
tcb_016,TCB,品川院,〒108-0074,東京都港区高輪3-23-17 品川センタービルディング 2F 201,"JR品川駅から徒歩3分, 京浜急行線品川駅から徒歩3分"
tcb_017,TCB,北千住院,〒120-0034,東京都足立区千住2-26-2 エクセル33 3F,北千住駅から徒歩4分
tcb_018,TCB,自由が丘院,〒152-0035,東京都目黒区自由が丘2-11-23 自由が丘南風ビル 5F,自由が丘駅から徒歩2分
tcb_019,TCB,横浜駅前院,〒220-0004,神奈川県横浜市西区北幸1-1-8 エキニア横浜（相鉄北幸第一ビル） 7F,横浜駅西口から徒歩1分
tcb_020,TCB,横浜院,〒220-0004,神奈川県横浜市西区北幸1-8-2 犬山西口ビルヂング 3F,"JR東海道本線/東横線/みなとみらい線 横浜駅から徒歩3分, 横浜市営地下鉄ブルーライン 出口9から徒歩1分"
tcb_021,TCB,新横浜院,〒222-0033,神奈川県横浜市港北区新横浜2-5-14 WISE NEXT新横浜 7F,"ブルーライン 新横浜駅9番出口から徒歩1分, JR横浜線 新横浜駅北口から徒歩5分"
tcb_022,TCB,川崎院,〒210-0007,神奈川県川崎市川崎区駅前本町12-1 川崎駅前タワー・リバーク B2F,"JR川崎駅から徒歩2分, 京急川崎駅から徒歩2分"
tcb_023,TCB,藤沢院,〒251-0055,神奈川県藤沢市南藤沢22-1 神中第二ビル 3F,"JR藤沢駅から徒歩1分, 小田急電鉄 藤沢駅から徒歩1分"
tcb_024,TCB,本厚木院,〒243-0018,神奈川県厚木市中町3-6-17 オーイズミホールディングス厚木ビル 5F,小田急電鉄 本厚木駅から徒歩3分
tcb_025,TCB,大宮西口院,〒330-0854,埼玉県さいたま市大宮区桜木町2-3 イオンスタイル大宮西口駅前 3F,JR大宮駅から徒歩1分
tcb_026,TCB,大宮東口院,〒330-0845,埼玉県さいたま市大宮区仲町1-15 VORT大宮 7F,JR 大宮駅東口から徒歩2分
tcb_027,TCB,川口院,〒332-0017,埼玉県川口市栄町3-8-15 近代グループBLD.23号館 8F,川口駅東口から徒歩2分
tcb_028,TCB,川越院,〒350-1123,埼玉県川越市脇田本町1-2 山崎ビル 4F,"JR川越駅から徒歩2分, 東武東上線 川越駅から徒歩2分"
tcb_029,TCB,越谷院,〒343-0845,埼玉県越谷市南越谷1-15-1 南越谷ラクーン 4F,"JR南越谷駅から徒歩3分, 東武スカイツリーライン 新越谷駅から徒歩3分"
tcb_030,TCB,宇都宮院,〒321-0964,栃木県宇都宮市駅前通り1-4-6 トナリエ宇都宮 5F,JR宇都宮駅から徒歩1分
tcb_031,TCB,水戸院,〒310-0015,茨城県水戸市宮町1-7-33 水戸サウスタワー 6F,JR 水戸駅南口から徒歩2分
tcb_032,TCB,つくば院,〒305-0031,茨城県つくば市吾妻1-7-1 トナリエつくばスクエア トナリエクレオ 3F,つくばエクスプレス つくば駅から徒歩1分
tcb_033,TCB,千葉駅前院,〒260-0031,千葉県千葉市中央区新千葉2-2-1 新日本EXビル 3F,"JR総武線 千葉駅から徒歩2分, 京成千葉線 京成千葉駅から徒歩4分"
tcb_034,TCB,千葉東口院,〒260-0015,千葉県千葉市中央区富士見2-5-15 塚本千葉第三ビルディング 5F,"JR千葉駅から徒歩5分, 京成電鉄 京成千葉駅、千葉中央駅から徒歩5分"
tcb_035,TCB,柏院,〒277-0005,千葉県柏市柏1-2-37 柏ちば興銀ビル 6F,JR柏駅から徒歩2分
tcb_036,TCB,船橋院,〒273-0005,千葉県船橋市本町1-7-6 ドリーム船橋ビル 5F,"JR船橋駅から徒歩5分, 京成電鉄京成本線 京成船橋駅から徒歩3分"
tcb_037,TCB,松戸院,〒271-0092,千葉県松戸市松戸1307-1 キテミテマツド 8F,JR松戸駅から徒歩3分
tcb_038,TCB,高崎院,〒370-0849,群馬県高崎市八島町46-1 高崎オーパ 8F,JR高崎駅から徒歩2分
tcb_039,TCB,前橋院,〒371-0024,群馬県前橋市表町2-30-8 アクエル前橋 B1F,JR前橋駅から徒歩1分
tcb_040,TCB,札幌駅前院,〒060-0004,北海道札幌市中央区北4条西2-1-2 キタコートレードビル 6F,"東豊線さっぽろ駅から 徒歩1分, JR札幌駅から徒歩5分"
tcb_041,TCB,札幌大通院,〒060-0061,北海道札幌市中央区南1条西2-18 IKEUCHI GATE 5F,"札幌市営地下鉄 大通駅から徒歩1分, 東豊線 豊水すすきの駅から徒歩6分"
tcb_042,TCB,旭川駅前院,〒070-0031,北海道旭川市一条通8-108 フィール旭川 4F,JR旭川駅から徒歩5分
tcb_043,TCB,仙台駅前院,〒980-0021,宮城県仙台市青葉区中央3-6-1 仙台TRビル東館 7F,JR仙台駅西口ペデストリアンデッキ直結 徒歩3分
tcb_044,TCB,福島院,〒960-8034,福島県福島市置賜町1-29 佐平ビル 1F,JR福島駅 東口から徒歩2分
tcb_045,TCB,郡山院,〒963-8002,福島県郡山市駅前2-3-7 エリート30ビル 7F・8F,JR郡山駅から徒歩2分
tcb_046,TCB,青森院,〒030-0801,青森県青森市新町1-7-1 THREE 4F,JR青森駅から徒歩5分
tcb_047,TCB,盛岡院,〒020-8655,岩手県盛岡市菜園1-10-1 パルクアベニューカワトク 8F,JR盛岡駅から徒歩13分
tcb_048,TCB,山形院,〒990-0039,山形県山形市香澄町1-15-28 ホテルニュー最上屋 2F,JR山形駅から徒歩2分
tcb_049,TCB,秋田院,〒010-0001,秋田県秋田市中通4-12-7 川上第二ビル 3F,JR秋田駅から徒歩5分
tcb_050,TCB,名古屋駅前院,〒450-0002,愛知県名古屋市中村区名駅3-26-6 Third KHビル 5F,"JR名古屋駅から徒歩1分, 名古屋市営地下鉄東山線 名古屋駅から徒歩1分 または 桜通線 国際センター駅から徒歩約4分"
tcb_051,TCB,名古屋栄院,〒460-0008,愛知県名古屋市中区栄3-28-11 名古屋ゼロゲート 2F,"地下鉄名城線矢場町駅から徒歩4分, JR 名古屋駅から徒歩38分"
tcb_052,TCB,金山院,〒456-0002,愛知県名古屋市熱田区金山町1-4-6 アルティメイト金山 7F,JR東海道本線・JR中央本線 金山駅から徒歩1分
tcb_053,TCB,豊田院,〒471-0027,愛知県豊田市喜多町1-140 ギャザ 3F,"名古屋鉄道 豊田市駅から徒歩1分, 愛知環状鉄道 新豊田駅から徒歩4分"
tcb_054,TCB,豊橋院,〒440-0881,愛知県豊橋市広小路1-18 ウェルプラザユメックスビル B1F,"JR豊橋駅から徒歩5分, 豊橋鉄道市内線 駅前大通駅から徒歩4分"
tcb_055,TCB,岐阜院,〒500-8833,岐阜県岐阜市神田町8-9-2 白木ビル 4F,名鉄岐阜駅から徒歩2分
tcb_056,TCB,静岡院,〒420-0852,静岡県静岡市葵区紺屋町17-1 葵タワー 2F,JR静岡駅から徒歩5分
tcb_057,TCB,浜松院,〒430-0933,静岡県浜松市中央区鍛冶町140 浜松Cビル（イズム浜松） 3F,"新浜松駅から徒歩1分, JR浜松駅から徒歩3分"
tcb_058,TCB,三島院,〒411-0855,静岡県三島市本町3-29 三島本町タワー3F 301,"伊豆箱根鉄道駿豆線 三島広小路駅から徒歩4分, JR三島駅から徒歩13分"
tcb_059,TCB,長野院,〒380-0823,長野県長野市南千歳1-1-1 ながの東急百貨店 別館シェルシェ 5F,JR長野駅から徒歩2分
tcb_060,TCB,松本院,〒390-0811,長野県松本市中央2-3-17 知新堂ビル 2F,JR松本駅から徒歩9分
tcb_061,TCB,金沢院,〒920-0847,石川県金沢市堀川町4-1 セントラルビル 5F,JR金沢駅から徒歩5分
tcb_062,TCB,新潟院,〒950-0086,新潟県新潟市中央区花園1-2-2 コープシティ花園ガレッソ 2F,JR新潟駅から徒歩2分
tcb_063,TCB,四日市院,〒510-0086,三重県四日市市諏訪栄町10-7 ことぶきビル 2F,"近畿日本鉄道名古屋線 近鉄四日市駅から徒歩3分, 四日市あすなろう鉄道 あすなろう四日市駅から徒歩3分"
tcb_064,TCB,富山院,〒930-0003,富山県富山市桜町1-1-1 電鉄富山駅ビル エスタ 3F,"JR富山駅から徒歩1分, 富山地方鉄道 電鉄富山駅・エスタ前停留所から徒歩1分"
tcb_065,TCB,福井院,〒910-0006,福井県福井市中央1-3-3 KIビル 3F,"福井鉄道 福井駅から徒歩1分, JR福井駅から徒歩2分"
tcb_066,TCB,山梨甲府駅前院,〒400-0031,山梨県甲府市丸の内2-16-4 丸栄ビル 3F,JR甲府駅から徒歩5分
tcb_067,TCB,梅田大阪駅前院,〒530-0057,大阪府大阪市北区曽根崎2-8-15 K’sスクエアビル 3F,"OsakaMetro（大阪メトロ）谷町線東梅田駅から徒歩4分, 阪急大阪梅田駅から徒歩7分"
tcb_068,TCB,なんば院,〒542-0076,大阪府大阪市中央区難波4-2-1 難波御堂筋ビルディング 9F,"御堂筋線 なんば駅から徒歩1分, 千日前線・四つ橋線 なんば駅から徒歩5分"
tcb_069,TCB,天王寺院,〒545-0052,大阪府大阪市阿倍野区阿倍野筋1-5-36 アベノセンタービル 2F,"JR天王寺駅から徒歩3分, 近鉄 大阪阿部野橋駅から徒歩4分"
tcb_070,TCB,大阪阪急梅田駅前院,〒530-0012,大阪府大阪市北区芝田2-6-30 梅田清和ビル 2F,"OsakaMetro（大阪メトロ）御堂筋線 梅田駅から徒歩3分, 阪急電鉄 大阪梅田駅から徒歩4分"
tcb_071,TCB,梅田茶屋町院,〒530-0013,大阪府大阪市北区茶屋町2-28 セントラル茶屋町 3F・4F,"阪急 大阪梅田駅から徒歩3分, 地下鉄御堂筋線 梅田駅から徒歩5分"
tcb_072,TCB,心斎橋院,〒542-0081,大阪府大阪市中央区南船場4-4-10 辰野心斎橋ビル 4F,"大阪メトロ御堂筋線 心斎橋駅から徒歩1分, 大阪メトロ四つ橋線 四ツ橋駅から徒歩6分"
tcb_073,TCB,枚方院,〒573-0032,大阪府枚方市岡東町8-9 枚方SGビル 5F,京阪本線 枚方市駅から徒歩2分
tcb_074,TCB,堺院,〒590-0076,大阪府堺市堺区北瓦町2-4-12 岡本ビル 5F,南海電鉄 堺東駅北西口から徒歩1分
tcb_075,TCB,高槻院,〒569-0071,大阪府高槻市城北町2-11-1 山木ビル 3F・4F,阪急高槻市駅から徒歩2分
tcb_076,TCB,江坂院,〒564-0063,大阪府吹田市江坂町1-21-17 ESAKA松尾ビル 3F,江坂駅南口から徒歩3分
tcb_077,TCB,京都駅前院,〒600-8211,京都府京都市下京区真苧屋町195 福井ビル 3F,JR京都駅中央口から徒歩5分
tcb_078,TCB,京都四条院,〒600-8007,京都府京都市下京区四条通東洞院東入立売西町66 京都証券ビル 5F,阪急烏丸駅から徒歩2分
tcb_079,TCB,神戸院,〒651-0094,兵庫県神戸市中央区琴ノ緒町5-3-2 三宮駅前平和ビル 7F,"JR三ノ宮駅から徒歩1分, 阪急 神戸三宮駅から徒歩3分"
tcb_080,TCB,姫路院,〒670-0927,兵庫県姫路市駅前町247 御幸苑ビル 2F,"山陽電鉄本線 山陽姫路駅から徒歩2分, JR姫路駅から徒歩2分"
tcb_081,TCB,奈良院,〒630-8226,奈良県奈良市小西町21-1 小西町商業ビルな・ら・ら 2F,近鉄奈良駅から徒歩2分
tcb_082,TCB,和歌山院,郵便番号が見つかりません,和歌山県和歌山市美園町4-81-1 SOPHIA和歌山イーストプラザⅠ号館 3F,JR和歌山駅から徒歩5分
tcb_083,TCB,草津院,〒525-0032,滋賀県草津市大路1-1-1 エルティ932ビル 3F,JR草津駅から徒歩1分
tcb_084,TCB,岡山院,〒700-0023,岡山県岡山市北区駅前町1-1-21 成通・ハリービル 4F,"JR岡山駅から徒歩3分, 岡山電軌岡山駅前駅から徒歩1分"
tcb_085,TCB,倉敷院,〒710-8550,岡山県倉敷市阿知1-7-1 天満屋 倉敷店 5F,"JR倉敷駅から徒歩2分, 水島臨海鉄道水島本線 倉敷市駅から徒歩3分"
tcb_086,TCB,広島院,〒730-0035,広島県広島市中区本通9-30 ランドマークビル 3F,"広島電鉄立町駅から徒歩3分, アストラムライン本通駅から徒歩5分"
tcb_087,TCB,福山院,〒720-0065,広島県福山市東桜町1-1 アイネスフクヤマ 2F,JR福山駅から徒歩3分
tcb_088,TCB,松江院,〒690-0003,島根県松江市朝日町480-8 松江SKYビル 2F,JR松江駅から徒歩2分
tcb_089,TCB,周南徳山駅ビル院,〒745-0032,山口県周南市銀座1-31 TOKUYAMA DECK D2 2F,JR徳山駅から徒歩2分
tcb_090,TCB,高松院,〒760-0024,香川県高松市兵庫町11-6 カーニープレイス高松兵庫町ビル 3F,"片原町駅から徒歩5分, 高松築港駅から徒歩8分"
tcb_091,TCB,松山院,〒790-0012,愛媛県松山市湊町5-4-25 日切ビル 5F,伊予鉄道 松山市駅から徒歩1分
tcb_092,TCB,高知院,〒780-0822,高知県高知市はりまや町2-3-3 イチヤはりまやビル 1F・2F,"蓮池町通駅から徒歩1分, 高知橋駅から徒歩3分"
tcb_093,TCB,徳島院,〒770-0831,徳島県徳島市寺島本町西1-61-4 セントラルビル 2F,JR徳島駅から徒歩1分
tcb_094,TCB,福岡天神院,〒810-0001,福岡県福岡市中央区天神2-7-6 DADAビル 6F,"西鉄福岡（天神）駅北口から徒歩５分, 地下鉄天神駅から徒歩4分"
tcb_095,TCB,小倉院,〒802-0003,福岡県北九州市小倉北区米町1-1-1 小倉駅前ひびきビル 4F,"JR小倉駅から徒歩3分, 北九州モノレール小倉線 平和通駅から徒歩1分"
tcb_096,TCB,福岡博多院,〒812-0013,福岡県福岡市博多区博多駅東2-4-6 ハカタベビル 3F,"JR博多駅筑紫口から徒歩3分, 地下鉄博多駅西1口から徒歩5分"
tcb_097,TCB,久留米院,〒830-0032,福岡県久留米市東町39-8 第21上野ビル 3F,天神大牟田線 西鉄久留米駅から徒歩3分
tcb_098,TCB,西鉄福岡天神駅前院,〒810-0001,福岡県福岡市中央区天神1-4-1 西日本新聞会館 15F,"福岡市地下鉄 天神南駅から徒歩1分, 西日本鉄道 西鉄福岡（天神）駅から徒歩3分"
tcb_099,TCB,鹿児島院,〒890-0053,鹿児島県鹿児島市中央町11 鹿児島中央ターミナルビル 2F,JR鹿児島中央駅から徒歩3分
tcb_100,TCB,熊本院,〒860-0845,熊本県熊本市中央区上通町1-26 aune熊本 8F,熊本市電 通町筋停留所から徒歩1分
tcb_101,TCB,宮崎院,〒880-0812,宮崎県宮崎市高千穂通2-6-18 NMビル 7F,JR宮崎駅から徒歩2分
tcb_102,TCB,長崎院,〒850-0057,長崎県長崎市大黒町14-5 ニュー長崎ビルディング 2F（ホテルニュー長崎 2F）,JR長崎駅から徒歩5分
tcb_103,TCB,佐賀院,〒840-0801,佐賀県佐賀市駅前中央1-4-17 コムボックス佐賀駅前 2F,JR佐賀駅から徒歩1分
tcb_104,TCB,大分院,〒870-0021,大分県大分市府内町2-1-4 トキハ会館 2F,JR大分駅から徒歩7分
tcb_105,TCB,那覇院,〒900-0015,沖縄県那覇市久茂地1-1-1 パレットくもじ 9F 902,沖縄都市モノレール線ゆいレール 県庁前駅から徒歩1分
shinagawa_001,品川美容外科,品川美容外科 品川本院,〒108-0075,東京都港区港南2-5-3 オリックス品川ビル9F,JR品川駅 港南口より徒歩約3分
shinagawa_002,品川美容外科,品川スキンクリニック 品川本院,〒108-0075,東京都港区港南2-5-3 オリックス品川ビル6F,JR品川駅 港南口より徒歩約3分
shinagawa_003,品川美容外科,品川美容外科 新宿院,〒151-0053,東京都渋谷区代々木2-9-2 久保ビル6F,JR新宿駅「南口」より徒歩約3分
shinagawa_004,品川美容外科,品川スキンクリニック 新宿院,〒151-0053,東京都渋谷区代々木2-9-2 久保ビルB2,JR新宿駅「南口」より徒歩約3分
shinagawa_005,品川美容外科,品川美容外科 渋谷院,〒150-0043,東京都渋谷区道玄坂2-3-2 大外ビル4F,JR渋谷駅 ハチ公改札より徒歩約1分
shinagawa_006,品川美容外科,品川スキンクリニック 渋谷院,〒150-0043,東京都渋谷区道玄坂2-3-2 大外ビル9F,JR渋谷駅 ハチ公改札より徒歩約1分
shinagawa_007,品川美容外科,品川スキンクリニック 表参道院,〒107-0061,東京都港区北青山3-11-7 Aoビル10F,東京メトロ「表参道駅」B2出口より徒歩1分
shinagawa_008,品川美容外科,品川美容外科 池袋院,〒170-0013,東京都豊島区東池袋1-13-6 ロクマルゲート池袋9F,JR池袋駅 東口より徒歩約3分
shinagawa_009,品川美容外科,品川スキンクリニック 池袋院,〒170-0013,東京都豊島区東池袋1-13-6 ロクマルゲート池袋8F,JR池袋駅 東口より徒歩約3分
shinagawa_010,品川美容外科,品川美容外科 銀座院,〒104-0061,東京都中央区銀座1-3-9 マルイト銀座ビル3F,JR有楽町駅 京橋口より徒歩約3分
shinagawa_011,品川美容外科,品川スキンクリニック 銀座院,〒104-0061,東京都中央区銀座1-3-9 マルイト銀座ビル4F,JR有楽町駅 京橋口より徒歩約3分
shinagawa_012,品川美容外科,品川美容外科 上野院,〒110-0005,東京都台東区上野2-6-12 上野東洋ビル4F,JR上野駅 不忍口より徒歩約5分
shinagawa_013,品川美容外科,品川スキンクリニック 上野院,〒110-0005,東京都台東区上野2-6-12 上野東洋ビル3F,JR上野駅 不忍口より徒歩約5分
shinagawa_014,品川美容外科,品川スキンクリニック 立川院,〒190-0012,東京都立川市曙町2-8-5 シネマシティビル13F,JR立川駅 北口より徒歩約5分
shinagawa_015,品川美容外科,品川美容外科 町田院,〒194-0013,東京都町田市原町田6-9-19 コビルナ町田5F,小田急線町田駅 西口より徒歩約1分
shinagawa_016,品川美容外科,品川美容外科 横浜院,〒220-0011,神奈川県横浜市西区高島2-13-12 崎陽軒ビル ヨコハマジャスト3号館7F,JR横浜駅 東口より徒歩約2分
shinagawa_017,品川美容外科,品川スキンクリニック 横浜院,〒220-0004,神奈川県横浜市西区北幸1-1-8 エキニア横浜6F,JR横浜駅 西口より徒歩約1分
shinagawa_018,品川美容外科,品川美容外科 大宮院,〒330-0854,埼玉県さいたま市大宮区桜木町2-1-1 アルシェ8F,JR大宮駅 西口より徒歩約1分
shinagawa_019,品川美容外科,品川スキンクリニック 大宮院,〒330-0854,埼玉県さいたま市大宮区桜木町2-1-1 アルシェ8F,JR大宮駅 西口より徒歩約1分
shinagawa_020,品川美容外科,品川スキンクリニック 宇都宮院,〒321-0969,栃木県宇都宮市宮みらい1-1 ウツノミヤテラス5F,JR宇都宮駅 東口より徒歩約1分
shinagawa_021,品川美容外科,品川スキンクリニック 千葉院,〒260-0028,千葉県千葉市中央区新町1000番地 センシティタワー22F,JR千葉駅 東口より徒歩約2分
shinagawa_022,品川美容外科,品川スキンクリニック 札幌院,〒060-0807,北海道札幌市北区北7条西一丁目2番地6 NCO札幌7F,JR札幌駅 北口より徒歩約2分
shinagawa_023,品川美容外科,品川美容外科 仙台院,〒980-0021,宮城県仙台市青葉区中央1-3-1 AER（アエル）29F,JR仙台駅 西口より徒歩約2分
shinagawa_024,品川美容外科,品川スキンクリニック 新潟院,〒950-0901,新潟県新潟市中央区弁天1-1-22 東信新潟ビル2F,JR新潟駅 万代口より徒歩約1分
shinagawa_025,品川美容外科,品川美容外科 名古屋院,〒450-0002,愛知県名古屋市中村区名駅2-45-19 桑山ビル2F,JR名古屋駅 桜通口より徒歩約5分
shinagawa_026,品川美容外科,品川スキンクリニック 名古屋院,〒450-0002,愛知県名古屋市中村区名駅2-45-19 桑山ビルB1,JR名古屋駅 桜通口より徒歩約5分
shinagawa_027,品川美容外科,品川美容外科 静岡院,〒422-8067,静岡県静岡市駿河区南町14-25 エスパティオ2F,JR静岡駅 南口より徒歩約1分
shinagawa_028,品川美容外科,品川美容外科 梅田院,〒530-0001,大阪府大阪市北区梅田1-11-4 大阪駅前第4ビル6F,JR大阪駅 中央南口より徒歩約5分
shinagawa_029,品川美容外科,品川スキンクリニック 梅田院,〒530-0001,大阪府大阪市北区梅田1-11-4 大阪駅前第4ビル6F,JR大阪駅 中央南口より徒歩約5分
shinagawa_030,品川美容外科,品川美容外科 心斎橋院,〒542-0081,大阪府大阪市中央区南船場4-3-2 ゼント心斎橋8F,地下鉄御堂筋線「心斎橋駅」3番出口より徒歩約2分
shinagawa_031,品川美容外科,品川スキンクリニック 京都院,〒600-8216,京都府京都市下京区烏丸通七条下ル 東塩小路町735-1 京阪京都ビル5F,JR京都駅 烏丸中央口より徒歩約5分
shinagawa_032,品川美容外科,品川スキンクリニック 神戸院,〒650-0021,兵庫県神戸市中央区三宮町1-2-1 日住神戸三宮ビルディング5F,JR三ノ宮駅 西口より徒歩約5分
shinagawa_033,品川美容外科,品川スキンクリニック 岡山院,〒700-0902,岡山県岡山市北区錦町6-1 両備ビル5F,JR岡山駅 東口より徒歩約2分
shinagawa_034,品川美容外科,品川スキンクリニック 広島院,〒730-0031,広島県広島市中区紙屋町2-2-2 紙屋町ビル5F,広島電鉄「紙屋町西」電停より徒歩0分
shinagawa_035,品川美容外科,品川美容外科 福岡院,〒810-0021,福岡県福岡市中央区今泉1-20-2 天神MENTビル2F,西鉄「福岡（天神）駅」南口より徒歩約5分
shinagawa_036,品川美容外科,品川スキンクリニック 福岡院,〒810-0021,福岡県福岡市中央区今泉1-20-2 天神MENTビル2F,西鉄「福岡（天神）駅」南口より徒歩約5分
shinagawa_037,品川美容外科,品川スキンクリニック 鹿児島院,〒890-0053,鹿児島県鹿児島市中央町19-40 Li-Ka1920 7F,JR「鹿児島中央駅」直結
shinagawa_038,品川美容外科,品川スキンクリニック 熊本院,〒860-0012,熊本県熊本市中央区紺屋今町1-1 シティ12ビル5F,熊本市電「辛島町」電停より徒歩約1分
shinagawa_039,品川美容外科,品川スキンクリニック 沖縄院,〒900-0006,沖縄県那覇市おもろまち1-1-12 那覇新都心センタービル1F,沖縄都市モノレール線「おもろまち駅」より徒歩約5分
luna_001,LUNAビューティークリニック,銀座院,〒104-0061,東京都中央区銀座４丁目８-４三原ビルディング 2階,銀座駅A7出口より徒歩3分
luna_002,LUNAビューティークリニック,池袋駅前院,〒170-0013,東京都豊島区東池袋1-21-1 ラグーン池袋ビル7階,JR池袋駅35番出口より徒歩5分
seishin_001,聖心美容クリニック,札幌院,〒060-0005,北海道札幌市中央区北５条西2-5 JRタワーオフィスプラザさっぽろ15F,JR「札幌駅」直結 [1]
seishin_002,聖心美容クリニック,大宮院,〒106-0032,東京都港区六本木6-6-9 ピラミデ2F,東京メトロ日比谷線「六本木駅」3番出口より徒歩3分、都営大江戸線「六本木駅」3番出口より徒歩3分 [2]
seishin_003,聖心美容クリニック,銀座院,〒104-0061,東京都中央区銀座1丁目9-13 プライム銀座柳通りビル9F,東京メトロ「銀座駅」C2出口より徒歩2分、JR「有楽町駅」銀座口より徒歩5分 [3]
seishin_004,聖心美容クリニック,六本木院,〒330-0854,埼玉県さいたま市大宮区桜木町1丁目133-2 医療モール WelBe 5F,JR「大宮駅」西口より徒歩5分 [4]
seishin_005,聖心美容クリニック,横浜院,〒221-0835,神奈川県横浜市神奈川区鶴屋町2-24-1 谷川ビルANNEX 7F,JR「横浜駅」きた西口より徒歩4分 [5]
seishin_006,聖心美容クリニック,熱海院,〒413-0011,静岡県熱海市田原本町4-16 伊東園ホテル熱海館1F,JR「熱海駅」より徒歩3分 [6]
seishin_007,聖心美容クリニック,名古屋院,〒451-0046,愛知県名古屋市西区牛島町6-24 アクロスキューブ名古屋5F,JR「名古屋駅」桜通口より徒歩5分 [7]
seishin_008,聖心美容クリニック,大阪院,〒530-0001,大阪府大阪市北区梅田3-3-45 マルイト西梅田ビル2F,JR「大阪駅」桜橋口より徒歩5分、JR東西線「北新地駅」西改札口より徒歩5分、地下鉄四つ橋線「西梅田駅」北改札より徒歩5分 [8]
seishin_009,聖心美容クリニック,広島院,〒730-0035,広島県広島市中区本通3-10 本通サザン6F,広島電鉄「立町」電停より徒歩3分 [9]
seishin_010,聖心美容クリニック,福岡院,〒810-0041,福岡県福岡市中央区大名1-1-38 サウスサイドテラス4F,西鉄「福岡（天神）」駅より徒歩5分、地下鉄「天神」駅より徒歩7分 [10]
rize_001,リゼクリニック,札幌院,〒060-0004,北海道札幌市中央区北4条西2-1-1 カメイ札幌駅前ビル3F,JR「札幌駅」南口より徒歩2分、地下鉄「さっぽろ駅」13番出口より徒歩1分
rize_002,リゼクリニック,仙台院,〒983-0867,宮城県仙台市青葉区本町2-4-8 510ビル 3F,地下鉄南北線「広瀬通駅」東2出口より徒歩2分、JR「あおば通駅」1番出口より徒歩5分、JR「仙台駅」西口より徒歩8分
rize_003,リゼクリニック,大宮院,〒330-0854,埼玉県さいたま市大宮区桜木町2-5-5 大宮西口KSビル 4F,JR「大宮駅」西口より徒歩5分
rize_004,リゼクリニック,柏院,〒277-0005,千葉県柏市柏2-8-9 千葉スカイビル 5F,JR・東武野田線「柏駅」東口より徒歩5分
rize_005,リゼクリニック,新宿三丁目院,〒160-0022,東京都新宿区新宿3-32-4 新宿ワタセイ・タマビル 9F,JR「新宿駅」東南口より徒歩2分、東京メトロ「新宿三丁目駅」A1出口より徒歩2分
rize_006,リゼクリニック,渋谷井の頭通り院,〒150-0042,東京都渋谷区宇田川町36-1 山和渋谷ビル 7F,JR「渋谷駅」ハチ公口より徒歩6分
rize_007,リゼクリニック,銀座院,〒104-0061,東京都中央区銀座8-8-8 銀座888ビル 10F,東京メトロ「銀座駅」A2出口より徒歩5分、JR「新橋駅」銀座口より徒歩3分
rize_008,リゼクリニック,立川院,〒190-0012,東京都立川市曙町2-8-30 わかぐさビル 7F,JR「立川駅」北口より徒歩3分
rize_009,リゼクリニック,町田院,〒194-0013,東京都町田市原町田4-1-10 フジモトビル 4F,JR「町田駅」北口より徒歩4分、小田急線「町田駅」西口より徒歩1分
rize_010,リゼクリニック,横浜院,〒220-0011,神奈川県横浜市西区高島2-19-12 スカイビル 16F,各線「横浜駅」東口直結
rize_011,リゼクリニック,新潟院,〒950-0088,新潟県新潟市中央区万代1-3-10 万代Jビルディング 3F,JR「新潟駅」万代口より徒歩7分
rize_012,リゼクリニック,名古屋駅前院,〒450-0002,愛知県名古屋市中村区名駅4-26-25 メイフィス名駅ビル 5F,各線「名古屋駅」より徒歩5分
rize_013,リゼクリニック,名古屋栄院,〒460-0003,愛知県名古屋市中区錦3-22-26 名古屋スルガビル 3F,地下鉄東山線・名城線「栄駅」8番出口より徒歩4分、地下鉄東山線・鶴舞線「伏見駅」1番出口より徒歩5分
rize_014,リゼクリニック,京都四条院,〒600-8491,京都府京都市下京区鶏鉾町493 ムーンバットビル 5F,阪急「烏丸駅」・地下鉄「四条駅」23番出口より徒歩3分
rize_015,リゼクリニック,大阪梅田院,〒530-0051,大阪府大阪市北区太融寺町8-17 プラザ梅田ビル 5F,JR「大阪駅」より徒歩9分、地下鉄「梅田駅」より徒歩7分
rize_016,リゼクリニック,心斎橋院,〒542-0086,大阪府大阪市中央区西心斎橋1-5-5 アーバンBLD心斎橋 4F,地下鉄「心斎橋駅」7番出口より徒歩1分
rize_017,リゼクリニック,神戸三宮院,〒650-0001,兵庫県神戸市中央区加納町6-6-1 金沢三宮ビル 8F,JR「三ノ宮駅」・阪急/阪神「神戸三宮駅」より徒歩1分
rize_018,リゼクリニック,広島院,〒730-0035,広島県広島市中区本通3-10 本通サザン 3F,広島電鉄「立町」電停より徒歩3分
rize_019,リゼクリニック,福岡天神駅前院,〒810-0001,福岡県福岡市中央区天神2-4-30 天神エムズ64スクエア 3F,西鉄「福岡（天神）駅」北口より徒歩3分、地下鉄「天神駅」5番出口より徒歩3分
,,,,,
,,,,,
,,,,,
,,,,,
,,,,,
,,,,,
,,,,,
,,,,,
,,,,,
,,,,,
,,,,,
,,,,,
,,,,,
,,,,,
,,,,,
,,,,,
,,,,,
,,,,,
,,,,,
,,,,,
,,,,,
,,,,,
,,,,,
,,,,,
,,,,,
,,,,,
,,,,,
,,,,,
,,,,,
,,,,,
,,,,,
,,,,,
,,,,,
,,,,,
,,,,,
,,,,,
,,,,,
,,,,,
,,,,,
,,,,,
,,,,,
,,,,,
,,,,,
,,,,,
,,,,,
,,,,,
,,,,,
,,,,,
,,,,,
,,,,,
,,,,,
,,,,,
,,,,,
,,,,,
,,,,,
,,,,,
,,,,,
,,,,,
,,,,,
,,,,,
,,,,,
,,,,,
,,,,,
,,,,,
,,,,,
,,,,,
,,,,,
,,,,,
,,,,,
,,,,,
,,,,,
,,,,,
,,,,,
,,,,,
,,,,,
,,,,,
,,,,,
,,,,,
,,,,,
,,,,,
,,,,,
,,,,,
,,,,,
,,,,,
,,,,,
,,,,,
,,,,,
,,,,,
,,,,,
,,,,,
,,,,,
,,,,,
,,,,,
,,,,,
,,,,,
,,,,,
,,,,,
,,,,,
,,,,,
,,,,,
,,,,,
,,,,,
,,,,,
,,,,,
,,,,,
,,,,,
,,,,,
,,,,,
,,,,,
,,,,,
,,,,,
,,,,,
,,,,,
,,,,,
,,,,,
,,,,,
,,,,,
,,,,,
,,,,,
,,,,,
,,,,,
,,,,,
,,,,,
,,,,,
,,,,,
,,,,,
,,,,,
,,,,,
,,,,,
,,,,,
,,,,,
,,,,,
,,,,,
,,,,,
,,,,,
,,,,,
,,,,,
,,,,,
,,,,,
,,,,,
,,,,,
,,,,,
,,,,,
,,,,,
,,,,,
,,,,,
,,,,,
,,,,,
,,,,,
,,,,,
,,,,,
,,,,,
,,,,,
,,,,,
,,,,,
,,,,,
,,,,,
,,,,,
,,,,,
,,,,,
,,,,,
,,,,,
,,,,,
,,,,,
,,,,,
,,,,,
,,,,,
,,,,,
,,,,,
,,,,,
,,,,,
,,,,,
,,,,,
,,,,,
,,,,,
,,,,,
,,,,,
,,,,,
,,,,,
,,,,,
,,,,,
,,,,,
,,,,,
,,,,,
,,,,,
,,,,,
,,,,,
,,,,,
,,,,,
,,,,,
,,,,,
,,,,,
,,,,,
,,,,,
,,,,,
,,,,,
,,,,,
,,,,,
,,,,,
,,,,,
,,,,,
,,,,,
,,,,,
,,,,,
,,,,,
,,,,,
,,,,,
,,,,,
,,,,,
,,,,,
,,,,,
,,,,,
,,,,,
,,,,,
,,,,,
,,,,,
,,,,,
,,,,,
,,,,,
,,,,,
,,,,,
,,,,,
,,,,,
,,,,,
,,,,,
,,,,,
,,,,,
,,,,,
,,,,,
,,,,,
,,,,,
,,,,,
,,,,,
,,,,,
,,,,,
,,,,,
,,,,,
,,,,,
,,,,,
,,,,,
,,,,,
,,,,,
,,,,,
,,,,,
,,,,,
,,,,,
,,,,,
,,,,,
,,,,,
,,,,,
,,,,,
,,,,,
,,,,,
,,,,,
,,,,,
,,,,,
,,,,,
,,,,,
,,,,,
,,,,,
,,,,,
,,,,,
,,,,,
,,,,,
,,,,,
,,,,,
,,,,,
,,,,,
,,,,,
,,,,,
,,,,,
,,,,,
,,,,,
,,,,,
,,,,,
,,,,,
,,,,,
,,,,,
,,,,,
,,,,,
,,,,,
,,,,,
,,,,,
,,,,,
,,,,,
,,,,,
,,,,,
,,,,,
,,,,,
,,,,,
,,,,,
,,,,,
,,,,,
,,,,,
,,,,,
,,,,,
,,,,,
,,,,,
,,,,,
,,,,,
,,,,,
,,,,,
,,,,,
,,,,,
,,,,,
,,,,,
,,,,,
,,,,,
,,,,,
,,,,,
,,,,,
,,,,,
,,,,,
,,,,,
,,,,,
,,,,,
,,,,,
,,,,,
,,,,,
,,,,,
,,,,,
,,,,,
,,,,,
,,,,,
,,,,,
,,,,,
,,,,,
,,,,,
,,,,,
,,,,,
,,,,,
,,,,,
,,,,,
,,,,,
,,,,,
,,,,,
,,,,,
,,,,,
,,,,,
,,,,,
,,,,,
,,,,,
,,,,,
,,,,,
,,,,,
,,,,,
,,,,,
,,,,,
,,,,,
,,,,,
,,,,,
,,,,,
,,,,,
,,,,,
,,,,,
,,,,,
,,,,,
,,,,,
,,,,,
,,,,,
,,,,,
,,,,,
,,,,,
,,,,,
,,,,,
,,,,,
,,,,,
,,,,,
,,,,,
,,,,,
,,,,,
,,,,,
,,,,,
,,,,,
,,,,,
,,,,,
,,,,,
,,,,,
,,,,,
,,,,,
,,,,,
,,,,,
,,,,,
,,,,,
,,,,,
,,,,,
,,,,,
,,,,,
,,,,,
,,,,,
,,,,,
,,,,,
,,,,,
,,,,,
,,,,,
,,,,,
,,,,,
,,,,,
,,,,,
,,,,,
,,,,,
,,,,,
,,,,,
,,,,,
,,,,,
,,,,,
,,,,,
,,,,,
,,,,,
,,,,,
,,,,,
,,,,,
,,,,,
,,,,,
,,,,,
,,,,,
,,,,,
,,,,,
,,,,,
,,,,,
,,,,,
,,,,,
,,,,,
,,,,,
,,,,,
,,,,,
,,,,,
,,,,,
,,,,,
,,,,,
,,,,,
,,,,,
,,,,,
,,,,,
,,,,,
,,,,,
,,,,,
,,,,,
,,,,,
,,,,,
,,,,,
,,,,,
,,,,,
,,,,,
,,,,,
,,,,,
,,,,,
,,,,,
,,,,,
,,,,,
,,,,,
,,,,,
,,,,,
,,,,,
,,,,,
,,,,,
,,,,,
,,,,,
,,,,,
,,,,,
,,,,,
,,,,,
,,,,,
,,,,,
,,,,,
,,,,,
,,,,,
,,,,,
,,,,,
,,,,,
,,,,,
,,,,,
,,,,,
,,,,,
,,,,,
,,,,,
,,,,,
,,,,,
,,,,,
,,,,,
,,,,,
,,,,,
,,,,,
,,,,,
,,,,,
,,,,,
,,,,,
,,,,,
,,,,,
,,,,,
,,,,,
,,,,,
,,,,,
,,,,,
,,,,,
,,,,,
,,,,,
,,,,,
,,,,,
,,,,,
,,,,,
,,,,,
,,,,,
,,,,,
,,,,,
,,,,,
,,,,,
,,,,,
,,,,,
,,,,,
,,,,,
,,,,,
,,,,,
,,,,,
,,,,,
,,,,,
,,,,,
,,,,,
,,,,,
,,,,,
,,,,,
,,,,,
,,,,,
,,,,,
,,,,,
,,,,,
,,,,,
,,,,,
,,,,,
,,,,,
,,,,,
,,,,,
,,,,,
,,,,,
,,,,,
,,,,,
,,,,,
,,,,,
,,,,,
,,,,,
,,,,,
,,,,,
,,,,,
,,,,,
,,,,,
,,,,,
,,,,,
,,,,,
,,,,,
,,,,,
,,,,,
,,,,,
,,,,,
,,,,,
,,,,,
,,,,,
,,,,,
,,,,,
,,,,,
,,,,,
,,,,,
,,,,,
,,,,,
,,,,,
,,,,,
,,,,,
,,,,,
,,,,,
,,,,,
,,,,,
,,,,,
,,,,,
,,,,,
,,,,,
,,,,,
,,,,,
,,,,,
,,,,,
,,,,,
,,,,,
,,,,,
,,,,,
,,,,,
,,,,,
,,,,,
,,,,,
,,,,,
,,,,,
,,,,,
,,,,,
,,,,,
,,,,,
,,,,,
,,,,,
,,,,,
,,,,,
,,,,,
,,,,,
,,,,,
,,,,,
,,,,,
,,,,,
,,,,,
,,,,,
,,,,,
,,,,,
,,,,,
,,,,,
,,,,,
,,,,,
,,,,,
,,,,,
,,,,,
,,,,,
,,,,,
,,,,,
,,,,,
,,,,,
,,,,,
,,,,,
,,,,,
,,,,,
,,,,,
,,,,,
,,,,,
,,,,,
,,,,,
,,,,,
,,,,,
,,,,,
,,,,,
,,,,,
,,,,,
,,,,,
,,,,,
,,,,,
,,,,,
,,,,,
,,,,,
,,,,,
,,,,,
,,,,,
,,,,,
,,,,,
,,,,,
,,,,,
,,,,,
,,,,,
,,,,,
,,,,,
,,,,,
,,,,,
,,,,,
,,,,,
,,,,,
,,,,,
,,,,,
,,,,,
,,,,,
,,,,,
,,,,,
,,,,,
,,,,,
,,,,,
,,,,,
,,,,,
,,,,,
,,,,,
,,,,,
,,,,,
,,,,,
,,,,,
,,,,,
,,,,,
,,,,,
,,,,,
,,,,,
,,,,,
,,,,,
,,,,,
,,,,,
,,,,,
,,,,,
,,,,,
,,,,,
,,,,,
,,,,,
,,,,,
,,,,,
,,,,,
,,,,,
,,,,,
,,,,,
,,,,,
,,,,,
,,,,,
,,,,,
,,,,,
,,,,,
,,,,,
,,,,,
,,,,,
,,,,,
,,,,,
,,,,,
,,,,,
,,,,,
,,,,,
,,,,,
,,,,,
,,,,,
,,,,,
,,,,,
,,,,,
,,,,,
,,,,,
,,,,,
,,,,,
,,,,,
,,,,,
,,,,,
,,,,,
,,,,,
,,,,,
,,,,,
,,,,,
,,,,,
,,,,,
,,,,,
,,,,,
,,,,,
,,,,,
,,,,,
,,,,,
,,,,,
,,,,,
,,,,,
,,,,,
,,,,,
,,,,,
,,,,,
,,,,,
,,,,,
,,,,,
,,,,,
,,,,,
,,,,,
,,,,,
,,,,,
,,,,,
,,,,,
,,,,,
,,,,,
,,,,,
,,,,,
,,,,,
,,,,,
,,,,,
,,,,,
,,,,,
,,,,,
,,,,,
,,,,,
,,,,,
,,,,,
,,,,,
,,,,,
,,,,,
,,,,,
,,,,,
,,,,,
,,,,,
,,,,,
,,,,,
,,,,,
,,,,,
,,,,,
,,,,,
,,,,,
,,,,,
,,,,,
,,,,,
,,,,,
,,,,,
,,,,,
,,,,,
,,,,,
,,,,,
,,,,,
,,,,,
,,,,,
,,,,,
,,,,,
,,,,,
,,,,,
,,,,,
,,,,,
,,,,,
,,,,,
,,,,,
,,,,,
,,,,,
,,,,,
,,,,,
,,,,,
,,,,,
,,,,,
,,,,,
,,,,,
,,,,,
,,,,,
,,,,,
,,,,,
,,,,,
,,,,,
,,,,,
,,,,,
,,,,,
,,,,,
,,,,,
,,,,,
,,,,,
,,,,,
,,,,,
,,,,,
,,,,,
,,,,,
,,,,,
,,,,,
,,,,,
,,,,,
,,,,,
,,,,,
,,,,,
,,,,,
,,,,,
,,,,,
,,,,,
,,,,,
,,,,,
,,,,,
,,,,,
,,,,,
,,,,,
,,,,,
,,,,,
,,,,,
,,,,,
,,,,,
,,,,,
,,,,,
,,,,,
,,,,,
,,,,,
,,,,,
,,,,,
,,,,,
,,,,,
,,,,,
,,,,,
,,,,,
,,,,,
,,,,,
,,,,,
,,,,,
,,,,,
,,,,,
,,,,,
,,,,,
,,,,,
,,,,,
,,,,,
,,,,,
,,,,,
,,,,,
,,,,,
,,,,,
,,,,,
,,,,,
,,,,,
,,,,,
,,,,,
,,,,,
,,,,,
,,,,,
,,,,,
,,,,,
,,,,,
,,,,,
,,,,,
,,,,,
,,,,,
,,,,,
,,,,,
,,,,,
,,,,,
,,,,,
,,,,,
,,,,,
,,,,,
,,,,,
,,,,,
,,,,,
,,,,,
,,,,,
,,,,,
,,,,,
,,,,,
,,,,,
,,,,,
,,,,,
,,,,,
,,,,,
,,,,,
,,,,,
,,,,,
,,,,,
,,,,,
,,,,,
,,,,,
,,,,,
,,,,,
,,,,,
,,,,,
,,,,,
,,,,,
,,,,,
,,,,,
,,,,,
,,,,,
,,,,,
,,,,,
,,,,,
,,,,,
,,,,,
,,,,,
,,,,,
,,,,,
,,,,,
,,,,,
,,,,,
,,,,,
,,,,,
,,,,,
,,,,,
,,,,,
,,,,,
,,,,,
,,,,,
,,,,,
,,,,,
,,,,,
,,,,,
,,,,,
,,,,,
,,,,,
,,,,,
,,,,,
,,,,,
,,,,,
,,,,,
,,,,,
,,,,,
,,,,,
,,,,,
,,,,,
,,,,,
,,,,,
,,,,,
,,,,,
,,,,,
,,,,,
,,,,,
,,,,,
,,,,,
,,,,,
,,,,,
,,,,,
,,,,,
,,,,,
,,,,,
,,,,,
,,,,,
,,,,,
,,,,,
,,,,,
,,,,,
,,,,,
,,,,,
,,,,,
,,,,,
,,,,,
,,,,,
,,,,,
,,,,,
,,,,,
,,,,,
,,,,,
,,,,,
,,,,,
,,,,,
,,,,,
,,,,,
,,,,,
,,,,,
,,,,,
,,,,,
,,,,,
,,,,,
,,,,,
,,,,,
,,,,,
,,,,,
,,,,,
,,,,,
,,,,,
,,,,,
,,,,,
,,,,,
,,,,,
,,,,,
,,,,,
,,,,,
,,,,,
,,,,,
,,,,,
,,,,,
,,,,,
,,,,,
,,,,,
,,,,,
,,,,,
,,,,,
,,,,,